"0","glimpse(myPanelAData)"
"1","Rows: 507"
"1",""
"1","
"
"1","Columns: 7"
"1",""
"1","
"
"1","$ age       [3m[38;5;246m<dbl>[39m[23m 21[38;5;246m, [39m23[38;5;246m, [39m28[38;5;246m, [39m23[38;5;246m, [39m22[38;5;246m, [39m21[38;5;246m, [39m26[38;5;246m, [39m27[38;5;246m, [39m23[38;5;246m, [39m21[38;5;246m, [39m23[38;5;246m, [39m22[38;5;246m, [39m20[38;5;246m, [39m26[38;5;246m, [39m23[38;5;246m, [39m22[38;5;246m, [39m30[38;5;246m, [39m22[38;5;246m, [39m29[38;5;246m, [39m22[38;5;246m, [39m22[38;5;246m, [39m20[38;5;246m, [39m22[38;5;246m, [39m2…
$ weight_kg [3m[38;5;246m<dbl>[39m[23m 65.6[38;5;246m, [39m71.8[38;5;246m, [39m80.7[38;5;246m, [39m72.6[38;5;246m, [39m78.8[38;5;246m, [39m74.8[38;5;246m, [39m86.4[38;5;246m, [39m78.4[38;5;246m, [39m62.0[38;5;246m, [39m81.6[38;5;246m, [39m76.6[38;5;246m, [39m83.6[38;5;246m, [39m90.0[38;5;246m, [39m74.6[38;5;246m, [39m71.0[38;5;246m, [39m79.…
$ height_cm [3m[38;5;246m<dbl>[39m[23m 174.0[38;5;246m, [39m175.3[38;5;246m, [39m193.5[38;5;246m, [39m186.5[38;5;246m, [39m187.2[38;5;246m, [39m181.5[38;5;246m, [39m184.0[38;5;246m, [39m184.5[38;5;246m, [39m175.0[38;5;246m, [39m184.0[38;5;246m, [39m180.0[38;5;246m, [39m177.8[38;5;246m, [39m192.0[38;5;246m, [39m17…
$ sex       [3m[38;5;246m<chr>[39m[23m ""male""[38;5;246m, [39m""male""[38;5;246m, [39m""male""[38;5;246m, [39m""male""[38;5;246m, [39m""male""[38;5;246m, [39m""male""[38;5;246m, [39m""male""[38;5;246m, [39m""male""[38;5;246m, [39m""male""[38;5;246m, [39m""male""[38;5;246m, [39m""male""[38;5;246m, [39m""male…
$ waist_cm  [3m[38;5;246m<dbl>[39m[23m 71.5[38;5;246m, [39m79.0[38;5;246m, [39m83.2[38;5;246m, [39m77.8[38;5;246m, [39m80.0[38;5;246m, [39m82.5[38;5;246m, [39m82.0[38;5;246m, [39m76.8[38;5;246m, [39m68.5[38;5;246m, [39m77.5[38;5;246m, [39m81.9[38;5;246m, [39m82.6[38;5;246m, [39m85.0[38;5;246m, [39m85.6[38;5;246m, [39m78.0[38;5;246m, [39m82.…
$ hip_cm    [3m[38;5;246m<dbl>[39m[23m 93.5[38;5;246m, [39m94.8[38;5;246m, [39m95.0[38;5;246m, [39m94.0[38;5;246m, [39m98.5[38;5;246m, [39m95.3[38;5;246m, [39m101.0[38;5;246m, [39m98.0[38;5;246m, [39m89.5[38;5;246m, [39m99.8[38;5;246m, [39m98.4[38;5;246m, [39m95.0[38;5;246m, [39m103.0[38;5;246m, [39m98.0[38;5;246m, [39m95.0[38;5;246m, [39m9…
$ chest_cm  [3m[38;5;246m<dbl>[39m[23m 89.5[38;5;246m, [39m97.0[38;5;246m, [39m97.5[38;5;246m, [39m97.0[38;5;246m, [39m97.5[38;5;246m, [39m99.9[38;5;246m, [39m106.9[38;5;246m, [39m102.5[38;5;246m, [39m91.0[38;5;246m, [39m93.5[38;5;246m, [39m97.7[38;5;246m, [39m99.5[38;5;246m, [39m103.0[38;5;246m, [39m99.6[38;5;246m, [39m101.5[38;5;246m,[39m…"
"1",""
"1","
"
"0","skim(myPanelAData)"
"1","── Data Summary ────────────────────────
"
"1","                           Values      
"
"1","Name                       myPanelAData
"
"1","Number of rows             507         
"
"1","Number of columns          7           
"
"1","_______________________                
"
"1","Column type frequency:                 
"
"1","  character                1           
"
"1","  numeric                  6           
"
"1","________________________               
"
"1","Group variables            None        
"
