"0","mosaic::t_test(chest_cm ~ sex, data= myPanelAData)"
"1","
"
"1","	Welch Two Sample t-test"
"1","
"
"1","
"
"1","data:  "
"1",""
"1","chest_cm by sex"
"1",""
"1","
"
"1","t = -24.993, df = 484.62, p-value < 2.2e-16"
"1","
"
"1","alternative hypothesis: "
"1","true "
"1",""
"1","difference in means between group female and group male"
"1",""
"1"," is "
"1",""
"1","not equal to"
"1",""
"1"," "
"1",""
"1","0"
"1",""
"1","
"
"1","95"
"1",""
"1"," percent confidence interval:
"
"1",""
"1"," "
"1",""
"1","-16.10362 -13.75614"
"1",""
"1","
"
"1","sample estimates:
"
"1","mean in group female "
"1","  mean in group male "
"1","
"
"1","             86.0600 "
"1","            100.9899 "
"1","
"
"1","
"
