"0",""
"0","glimpse(myPanelBData)"
"1","Rows: 2,044"
"1",""
"1","
"
"1","Columns: 5"
"1",""
"1","
"
"1","$ hrsrelax [3m[38;5;246m<dbl>[39m[23m 2[38;5;246m, [39m4[38;5;246m, [39m[31mNA[39m[38;5;246m, [39m[31mNA[39m[38;5;246m, [39m[31mNA[39m[38;5;246m, [39m[31mNA[39m[38;5;246m, [39m3[38;5;246m, [39m[31mNA[39m[38;5;246m, [39m0[38;5;246m, [39m5[38;5;246m, [39m5[38;5;246m, [39m[31mNA[39m[38;5;246m, [39m3[38;5;246m, [39m[31mNA[39m[38;5;246m, [39m[31mNA[39m[38;5;246m, [39m[31mNA[39m[38;5;246m, [39m[31mNA[39m[38;5;246m, [39m[31mNA[39m[38;5;246m, [39m[31mNA[39m[38;5;246m, [39m2[38;5;246m, [39m5[38;5;246m, [39m10[38;5;246m, [39m[31mNA[39m…
$ mntlhlth [3m[38;5;246m<dbl>[39m[23m 3[38;5;246m, [39m6[38;5;246m, [39m[31mNA[39m[38;5;246m, [39m[31mNA[39m[38;5;246m, [39m[31mNA[39m[38;5;246m, [39m[31mNA[39m[38;5;246m, [39m0[38;5;246m, [39m[31mNA[39m[38;5;246m, [39m0[38;5;246m, [39m10[38;5;246m, [39m0[38;5;246m, [39m[31mNA[39m[38;5;246m, [39m0[38;5;246m, [39m[31mNA[39m[38;5;246m, [39m[31mNA[39m[38;5;246m, [39m[31mNA[39m[38;5;246m, [39m[31mNA[39m[38;5;246m, [39m[31mNA[39m[38;5;246m, [39m[31mNA[39m[38;5;246m, [39m5[38;5;246m, [39m0[38;5;246m, [39m0[38;5;246m, [39m[31mNA[39m…
$ hrs1     [3m[38;5;246m<dbl>[39m[23m 55[38;5;246m, [39m45[38;5;246m, [39m[31mNA[39m[38;5;246m, [39m[31mNA[39m[38;5;246m, [39m[31mNA[39m[38;5;246m, [39m[31mNA[39m[38;5;246m, [39m45[38;5;246m, [39m[31mNA[39m[38;5;246m, [39m40[38;5;246m, [39m48[38;5;246m, [39m26[38;5;246m, [39m[31mNA[39m[38;5;246m, [39m40[38;5;246m, [39m[31mNA[39m[38;5;246m, [39m[31mNA[39m[38;5;246m, [39m[31mNA[39m[38;5;246m, [39m[31mNA[39m[38;5;246m, [39m[31mNA[39m[38;5;246m, [39m[31mNA[39m[38;5;246m, [39m50[38;5;246m, [39m4…
$ degree   [3m[38;5;246m<chr>[39m[23m ""BACHELOR""[38;5;246m, [39m""BACHELOR""[38;5;246m, [39m""LT HIGH SCHOOL""[38;5;246m, [39m""LT HIGH SCHOOL""[38;5;246m, [39m""LT HIGH SCHOOL""[38;5;246m, [39m""LT…
$ grass    [3m[38;5;246m<chr>[39m[23m [31mNA[39m[38;5;246m, [39m""LEGAL""[38;5;246m, [39m[31mNA[39m[38;5;246m, [39m""NOT LEGAL""[38;5;246m, [39m""NOT LEGAL""[38;5;246m, [39m""LEGAL""[38;5;246m, [39m[31mNA[39m[38;5;246m, [39m[31mNA[39m[38;5;246m, [39m""NOT LEGAL""[38;5;246m, [39m[31mNA[39m[38;5;246m, [39m[31mNA[39m[38;5;246m, [39m…"
"1",""
"1","
"
"0","skim(myPanelBData)"
"1","── Data Summary ────────────────────────
"
"1","                           Values      
"
"1","Name                       myPanelBData
"
"1","Number of rows             2044        
"
"1","Number of columns          5           
"
"1","_______________________                
"
"1","Column type frequency:                 
"
"1","  character                2           
"
"1","  numeric                  3           
"
"1","________________________               
"
"1","Group variables            None        
"
