"0"," vcd::structable(degree~grass,data=myPanelBData)"
"1","         "
"1"," "
"1","degree"
"1"," "
"1","BACHELOR"
"1"," "
"1","GRADUATE"
"1"," "
"1","HIGH SCHOOL"
"1"," "
"1","JUNIOR COLLEGE"
"1"," "
"1","LT HIGH SCHOOL"
"1","
"
"1","grass    "
"1"," "
"1","      "
"1"," "
"1","        "
"1"," "
"1","        "
"1"," "
"1","           "
"1"," "
"1","              "
"1"," "
"1","              "
"1","
"
"1","LEGAL    "
"1"," "
"1","      "
"1"," "
"1","     119"
"1"," "
"1","      73"
"1"," "
"1","        304"
"1"," "
"1","            42"
"1"," "
"1","            65"
"1","
"
"1","NOT LEGAL"
"1"," "
"1","      "
"1"," "
"1","     112"
"1"," "
"1","      63"
"1"," "
"1","        307"
"1"," "
"1","            44"
"1"," "
"1","           130"
"1","
"
