"0","mosaic::xchisq.test(degree~grass, data=myPanelBData)"
"1","
"
"1","	Pearson's Chi-squared test"
"1","
"
"1","
"
"1","data:  "
"1",""
"1","x"
"1",""
"1","
"
"1","X-squared = 22.338, df = 8, p-value = 0.004326"
"1","
"
"1","
"
"1","  119   "
"1"," "
"1","  112   "
"1"," "
"1","  144   "
"1","
"
"1","(110.63)"
"1"," "
"1","(120.35)"
"1"," "
"1","(144.02)"
"1","
"
"1","[6.3e-01]"
"1"," "
"1","[5.8e-01]"
"1"," "
"1","[2.5e-06]"
"1","
"
"1","< 0.7959>"
"1"," "
"1","<-0.7613>"
"1"," "
"1","<-0.0016>"
"1","
"
"1"," "
"1"," "
"1"," "
"1"," "
"1"," "
"1","
"
"1","   73   "
"1"," "
"1","   63   "
"1"," "
"1","   82   "
"1","
"
"1","( 64.31)"
"1"," "
"1","( 69.96)"
"1"," "
"1","( 83.72)"
"1","
"
"1","[1.2e+00]"
"1"," "
"1","[6.9e-01]"
"1"," "
"1","[3.5e-02]"
"1","
"
"1","< 1.0833>"
"1"," "
"1","<-0.8327>"
"1"," "
"1","<-0.1883>"
"1","
"
"1"," "
"1"," "
"1"," "
"1"," "
"1"," "
"1","
"
"1","  304   "
"1"," "
"1","  307   "
"1"," "
"1","  390   "
"1","
"
"1","(295.30)"
"1"," "
"1","(321.26)"
"1"," "
"1","(384.43)"
"1","
"
"1","[2.6e-01]"
"1"," "
"1","[6.3e-01]"
"1"," "
"1","[8.1e-02]"
"1","
"
"1","< 0.5060>"
"1"," "
"1","<-0.7956>"
"1"," "
"1","< 0.2838>"
"1","
"
"1"," "
"1"," "
"1"," "
"1"," "
"1"," "
"1","
"
"1","   42   "
"1"," "
"1","   44   "
"1"," "
"1","   59   "
"1","
"
"1","( 42.78)"
"1"," "
"1","( 46.54)"
"1"," "
"1","( 55.69)"
"1","
"
"1","[1.4e-02]"
"1"," "
"1","[1.4e-01]"
"1"," "
"1","[2.0e-01]"
"1","
"
"1","<-0.1187>"
"1"," "
"1","<-0.3718>"
"1"," "
"1","< 0.4439>"
"1","
"
"1"," "
"1"," "
"1"," "
"1"," "
"1"," "
"1","
"
"1","   65   "
"1"," "
"1","  130   "
"1"," "
"1","  110   "
"1","
"
"1","( 89.98)"
"1"," "
"1","( 97.89)"
"1"," "
"1","(117.14)"
"1","
"
"1","[6.9e+00]"
"1"," "
"1","[1.1e+01]"
"1"," "
"1","[4.3e-01]"
"1","
"
"1","<-2.6332>"
"1"," "
"1","< 3.2458>"
"1"," "
"1","<-0.6593>"
"1","
"
"1"," "
"1"," "
"1"," "
"1"," "
"1"," "
"1","
"
"1","key:
"
"1","	observed
"
"1","	(expected)
"
"1","	[contribution to X-squared]
"
"1","	<Pearson residual>
"
